Max Matching, Random
220.0124999999996, 174.67750000000007
